use 医院系统
go

insert into 患者
(身份证号,姓名,性别,电话号码,密码,年龄,常住地址,既往病史)
values
('120112200011120018','张三','男','13145322345','123456','23','河北省石家庄市裕华区南二环东路',null),
('12011219640504733X','张三','男','15194598762','zszszs','59','河北省石家庄市裕华区南二环东路','慢性肠胃炎'),
('120112200503170015','李四','男','13316163266','lslsls','18','江苏省南京市鼓楼区广州路',null),
('420704200403160017','刘五','男','13380029448','liuwu123','19','湖北省鄂州市鄂城区明堂路','青霉素过敏'),
('440701197807031234','上官柳','女','18823340018','SGL1978','45','广东省广州市天河区东风西路20号',null),
('120112196405048156','张倩','女','13515677654','qwerty','59',null,'糖尿病'),
('220403199809176198','章泽','男','15454547687','19980917','25',null,null),
('22040319880917829X','李青禾','男','18925101063','Lqh_3875638','35',null,null),
('110104198006030817','李青禾','女','15876540987','lqhlqh','43',null,'类风湿性关节炎'),
('340304201807041015','雷峻晖','男','13367890475','ljh333','5','江苏省南京市栖霞区仙林大学城',null),
('410402199203105513','王一汐','女','13367890475','wangyixi','31','江苏省南京市栖霞区仙林大学城',null),
('62040220080307042X','窦士厝','男','15457759889','jingliu520','15',null,null),
('421002200107243814','曹丽娜','女','13277760012','caolina','22','湖北省鄂州市鄂城区长江天下',null),
('440682199902241013','齐雅娜','女','13111948930','QYNZQNWS','24','广东省广州市花都区东风西路2号',null),
('310107197707141267','柏沐妍','女','13793837332','123456','46','河北省石家庄市裕华区南二环东路20号','癫痫'),
('234567199305078901', '李四', '女', '1876543210', 'securepass', '30', '上海市浦东新区', '糖尿病'),
('345678198306089012', '王五', '男', '1357924680', 'pass123word', '40', '广州市天河区', '高血压'),
('456789200107090123', '赵六', '女', '1468135790', 'mysecret', '22', '深圳市福田区', null),
('237890199508011234', '钱七', '男', '1593572468', 'qwerty', '28', '成都市武侯区', null),
('658901198809012345', '孙八', '女', '1692581470', 'password123', '35', '重庆市渝中区', '抑郁症'),
('449012197809123456', '周九', '男', '1583691470', 'p@ssw0rd', '45', '杭州市西湖区', null),
('630123199601234567', '吴十', '女', '1418529630', 'securepassword', '27', '南京市玄武区', null),
('121234199012305678', '郑十一', '男', '1231231234', 'passpass', '33', '武汉市江岸区',null),
('112345199403156789', '严十二', '女', '1876543210', 'mypassword', '29', '苏州市工业园区',null);

go


insert into 医生
( 职工号,姓名,性别,年龄,科室编号,电话号码,入职日期,职称,看诊时间段)
values
('DOC001', '张宁', '男', 35, 'DEP001', '18904567890', '1999-01-15', '主任医师', '上午'),
('DOC002', '王婷', '女', 28, 'DEP001', '13425678901', '2003-03-20', '主任医师', '上午'),
('DOC003', '张宁', '男', 40, 'DEP001', '14536789012', '2015-11-10', '医师', '上午'),
('DOC004', '赵萍', '女', 32, 'DEP002', '14567890123', '2020-09-05', '医师', '下午'),
('DOC005', '孙涛', '男', 45, 'DEP002', '15678901234', '2021-05-18', '医师', '下午'),
('DOC006', '周雨', '女', 30, 'DEP001', '16789012345', '2022-12-30', '实习医师', '上午'),
('DOC007', '吴凯', '男', 38, 'DEP002', '17890123456', '2023-01-25', '主任医师', '下午'),
('DOC008', '郑婷', '女', 29, 'DEP002', '18901234567', '2022-07-08', '医师', '下午'),
('DOC009', '严明', '男', 33, 'DEP003', '18764567329', '2013-09-12', '主任医师', '上午'),
('DOC010', '朱丽', '女', 27, 'DEP003', '18234561789', '2023-02-14', '实习医师', '上午'),
('DOC011', '陈华', '男', 38, 'DEP003', '13245636784', '2022-04-10', '实习医师', '上午'),
('DOC012', '林雪', '女', 32, 'DEP003', '15432765482', '2023-06-15', '主任医师', null),
('DOC013', '黄强', '男', 45, 'DEP004', '13638756382', '2021-09-20', '医师', '上午'),
('DOC014', '曾莉', '女', 29, 'DEP004', '13536187632', '2022-11-25', '医师', '下午'),
('DOC015', '吴涛', '男', 40, 'DEP004', '13541098902', '2017-07-30', '主任医师', '下午'),
('DOC016', '朱丽', '女', 33, 'DEP005', '18900170326', '2021-12-05', '医师', '上午'),
('DOC017', '杨明', '男', 36, 'DEP005', '13738750028', '2016-02-10', '主任医师', '上午'),
('DOC018', '许雨', '女', 31, 'DEP005', '14567890022', '2022-08-15', '医师', '下午'),
('DOC019', '吕鹏', '男', 34, 'DEP005', '13900293885', '2023-01-20', '实习医师', null),
('DOC020', '卢丽', '女', 27, 'DEP005', '17890024655', '2023-03-25', '实习医师', '上午');

go


insert into 科室
(科室编号,科室名,科室职责,科室所在楼层,主管职工号,主任医师人数,医师人数,实习医师人数)
values
('DEP001', '内科', '诊断和治疗内部器官疾病', '3楼', 'DOC001', 2, 1, 1),
('DEP002', '外科', '进行手术治疗', '4楼', 'DOC007', 1, 3, 0),
('DEP003', '儿科', '专注于儿童健康', '2楼', 'DOC009', 2, 0, 2),
('DEP004', '神经科', '诊断和治疗神经系统疾病', '4楼', 'DOC015', 1, 2, 0),
('DEP005', '骨科', '诊断和治疗骨骼疾病', '7楼', 'DOC017', 1, 2, 2);

go


insert into 药品
(药品编号,药品名,药效简述,库存量,价格)
values
('MED001', '感冒灵', '用于缓解感冒症状', 100, 25.99),
('MED002', '板蓝根', '抗病毒、抗炎、抗氧化', 80, 18.50),
('MED003', '布洛芬', '用于退烧、镇痛', 120, 12.80),
('MED004', '阿莫西林', '用于治疗感染', 90, 35.25),
('MED005', '甲硝唑', '抗菌药物', 70, 28.75),
('MED006', '氨茶碱', '用于支气管扩张', 60, 15.60),
('MED007', '盐酸氨溴索', '用于解痉', 110, 20.40),
('MED008', '多潘立酮', '用于抑制胃酸分泌', 85, 22.90),
('MED009', '雷贝拉唑', '用于治疗胃溃疡', 75, 30.00),
('MED010', '氯化钠注射液', '用于补液', 95, 10.20),
('MED011','蒲地蓝消炎片','清热解毒、抗炎消肿',10,23.00),
('MED012','阿司匹林','解热镇痛、非甾体抗炎药',78,33.00)

go


insert into 医疗记录
 (记录编号,身份证号,职工号,门诊日期,诊断,医疗计划)
 values
 ('T001','630123199601234567','DOC001','2023-01-20','感冒，扁桃体发炎','按照说明书吃药，健康饮食，忌生冷辛辣'),
 ('T002','630123199601234567','DOC001','2023-01-20','尿结石','多饮水，多排尿，多进行运动'),
 ('T003','110104198006030817','DOC018','2023-02-20','类风湿性关节炎','按说明书服药，并进行正规的功能锻炼');

 go

 insert into 处方
 (记录编号,药品编号,剂量,支付状态)
 values
 ('T001','MED001',2,'已支付'),
 ('T001','MED002',1,'已支付'),
 ('T001','MED011',1,'已支付'),
 ('T003','MED003',3,'未支付'),
 ('T002','MED010',1,'未支付')

 go

 insert into 门诊预约
(预约号,身份证号,职工号,门诊时间段)
values
('DOC01301','456789200107090123','DOC013','上午'),
('DOC01302','234567199305078901','DOC013','上午'),
('DOC00101','234567199305078901','DOC001','上午'),
('DOC01303','112345199403156789','DOC013','上午');

go
